{"cameraMode":{"drawMode":0,"name":"Shaded","section":"Shading Mode"},"sceneLighting":true,"audioPlay":false,"sceneViewState":{"m_AlwaysRefresh":false,"showFog":true,"showSkybox":true,"showFlares":true,"showImageEffects":true,"showParticleSystems":true,"showVisualEffectGraphs":true,"m_FxEnabled":true},"in2DMode":false,"pivot":{"x":-0.39829009771347048,"y":8.353089332580567,"z":4.404019355773926},"rotation":{"x":-0.06536848843097687,"y":-0.012054038234055043,"z":0.00017390518041793257,"w":-0.9979941844940186},"size":1.633198618888855,"orthographic":true}