{"cameraMode":{"drawMode":0,"name":"Shaded","section":"Shading Mode"},"sceneLighting":false,"audioPlay":false,"sceneViewState":{"m_AlwaysRefresh":false,"showFog":true,"showSkybox":false,"showFlares":true,"showImageEffects":true,"showParticleSystems":true,"showVisualEffectGraphs":true,"m_FxEnabled":true},"in2DMode":false,"pivot":{"x":-0.012370944023132325,"y":0.7646220922470093,"z":0.2987940311431885},"rotation":{"x":-0.021710995584726335,"y":-0.9725717306137085,"z":0.21418127417564393,"w":-0.0919114276766777},"size":3.2470109462738039,"orthographic":true}