{"cameraMode":{"drawMode":0,"name":"Shaded","section":"Shading Mode"},"sceneLighting":true,"audioPlay":false,"sceneViewState":{"m_AlwaysRefresh":false,"showFog":true,"showSkybox":true,"showFlares":true,"showImageEffects":true,"showParticleSystems":true,"showVisualEffectGraphs":true,"m_FxEnabled":true},"in2DMode":false,"pivot":{"x":0.009335935115814209,"y":3.927114725112915,"z":1.9850852489471436},"rotation":{"x":0.23775580525398255,"y":0.5557022094726563,"z":-0.16004562377929688,"w":0.7813336253166199},"size":14.766267776489258,"orthographic":true}